instrument,timestamp,open,high,low,close,volume
EURUSD,2025-09-03T13:25:32.502412,1.0842,1.08463,1.08404,1.0846,25000000
GBPUSD,2025-09-03T13:25:32.502412,1.2645,1.26609,1.26443,1.26602,22000000
USDJPY,2025-09-03T13:25:32.502412,149.45,149.81189,149.42183,149.76584,18000000
AUDUSD,2025-09-03T13:25:32.502412,0.6542,0.65502,0.65403,0.65485,16000000
USDCHF,2025-09-03T13:25:32.502412,0.8456,0.84625,0.84519,0.84579,14000000
GOLD,2025-09-03T13:25:32.502412,1842.5,1843.56347,1840.20203,1840.53199,40000000
OIL,2025-09-03T13:25:32.502412,72.45,72.95843,70.83274,71.36037,90000000
SPX,2025-09-03T13:25:32.502412,4485.25,4485.76,4468.92,4479.61,3000000000
EURUSD,2025-09-04T13:25:32.502412,1.0846,1.08462,1.08389,1.08416,25000000
GBPUSD,2025-09-04T13:25:32.502412,1.26602,1.26658,1.26594,1.2664,22000000
USDJPY,2025-09-04T13:25:32.502412,149.76584,149.87698,149.64469,149.6455,18000000
AUDUSD,2025-09-04T13:25:32.502412,0.65485,0.65515,0.65314,0.65358,16000000
USDCHF,2025-09-04T13:25:32.502412,0.84579,0.84643,0.84547,0.84596,14000000
GOLD,2025-09-04T13:25:32.502412,1840.53199,1841.9964,1840.35206,1841.22101,40000000
OIL,2025-09-04T13:25:32.502412,71.36037,71.46877,70.68933,71.22159,90000000
SPX,2025-09-04T13:25:32.502412,4479.61,4483.06,4453.68,4461.61,3000000000
EURUSD,2025-09-05T13:25:32.502412,1.08416,1.08486,1.08408,1.08444,25000000
GBPUSD,2025-09-05T13:25:32.502412,1.2664,1.2666,1.26583,1.26601,22000000
USDJPY,2025-09-05T13:25:32.502412,149.6455,149.90758,149.59515,149.8517,18000000
AUDUSD,2025-09-05T13:25:32.502412,0.65358,0.6537,0.65286,0.65321,16000000
USDCHF,2025-09-05T13:25:32.502412,0.84596,0.84601,0.84531,0.84558,14000000
GOLD,2025-09-05T13:25:32.502412,1841.22101,1842.07416,1835.61023,1837.03428,40000000
OIL,2025-09-05T13:25:32.502412,71.22159,71.58287,71.00499,71.13518,90000000
SPX,2025-09-05T13:25:32.502412,4461.61,4464.32,4433.95,4445.48,3000000000
EURUSD,2025-09-06T13:25:32.502412,1.08444,1.08481,1.08378,1.08441,25000000
GBPUSD,2025-09-06T13:25:32.502412,1.26601,1.26686,1.26592,1.26684,22000000
USDJPY,2025-09-06T13:25:32.502412,149.8517,149.98931,149.83852,149.87005,18000000
AUDUSD,2025-09-06T13:25:32.502412,0.65321,0.65417,0.65302,0.65364,16000000
USDCHF,2025-09-06T13:25:32.502412,0.84558,0.8457,0.84471,0.84493,14000000
GOLD,2025-09-06T13:25:32.502412,1837.03428,1838.74116,1836.49535,1838.18491,40000000
OIL,2025-09-06T13:25:32.502412,71.13518,71.60039,70.88244,71.25167,90000000
SPX,2025-09-06T13:25:32.502412,4445.48,4448.42,4426.31,4437.29,3000000000
EURUSD,2025-09-07T13:25:32.502412,1.08441,1.08471,1.08441,1.08464,25000000
GBPUSD,2025-09-07T13:25:32.502412,1.26684,1.26726,1.26647,1.2666,22000000
USDJPY,2025-09-07T13:25:32.502412,149.87005,149.91819,149.79183,149.80151,18000000
AUDUSD,2025-09-07T13:25:32.502412,0.65364,0.6548,0.65358,0.65412,16000000
USDCHF,2025-09-07T13:25:32.502412,0.84493,0.84515,0.84447,0.84514,14000000
GOLD,2025-09-07T13:25:32.502412,1838.18491,1838.24816,1835.50571,1838.09212,40000000
OIL,2025-09-07T13:25:32.502412,71.25167,71.36023,71.00834,71.02084,90000000
SPX,2025-09-07T13:25:32.502412,4437.29,4445.86,4402.43,4408.07,3000000000
EURUSD,2025-09-08T13:25:32.502412,1.08464,1.0855,1.08431,1.08528,25000000
GBPUSD,2025-09-08T13:25:32.502412,1.2666,1.26678,1.26454,1.2652,22000000
USDJPY,2025-09-08T13:25:32.502412,149.80151,149.83549,149.59742,149.6034,18000000
AUDUSD,2025-09-08T13:25:32.502412,0.65412,0.65468,0.6535,0.65352,16000000
USDCHF,2025-09-08T13:25:32.502412,0.84514,0.84525,0.84407,0.84429,14000000
GOLD,2025-09-08T13:25:32.502412,1838.09212,1844.3393,1837.75395,1843.51689,40000000
OIL,2025-09-08T13:25:32.502412,71.02084,72.44017,70.93896,71.99706,90000000
SPX,2025-09-08T13:25:32.502412,4408.07,4452.81,4406.69,4440.75,3000000000
EURUSD,2025-09-09T13:25:32.502412,1.08528,1.08567,1.08498,1.08549,25000000
GBPUSD,2025-09-09T13:25:32.502412,1.2652,1.26536,1.26379,1.26388,22000000
USDJPY,2025-09-09T13:25:32.502412,149.6034,149.67429,149.5626,149.6535,18000000
AUDUSD,2025-09-09T13:25:32.502412,0.65352,0.6539,0.65326,0.6538,16000000
USDCHF,2025-09-09T13:25:32.502412,0.84429,0.84589,0.844,0.84578,14000000
GOLD,2025-09-09T13:25:32.502412,1843.51689,1846.83824,1842.69045,1845.81482,40000000
OIL,2025-09-09T13:25:32.502412,71.99706,73.68282,71.65025,73.38738,90000000
SPX,2025-09-09T13:25:32.502412,4440.75,4457.24,4426.53,4451.07,3000000000
EURUSD,2025-09-10T13:25:32.502412,1.08549,1.08567,1.08508,1.08529,25000000
GBPUSD,2025-09-10T13:25:32.502412,1.26388,1.2639,1.26296,1.26306,22000000
USDJPY,2025-09-10T13:25:32.502412,149.6535,149.75847,149.65272,149.70884,18000000
AUDUSD,2025-09-10T13:25:32.502412,0.6538,0.65564,0.65282,0.65554,16000000
USDCHF,2025-09-10T13:25:32.502412,0.84578,0.84649,0.84552,0.84628,14000000
GOLD,2025-09-10T13:25:32.502412,1845.81482,1847.73811,1845.06512,1847.50348,40000000
OIL,2025-09-10T13:25:32.502412,73.38738,73.98148,73.08253,73.95526,90000000
SPX,2025-09-10T13:25:32.502412,4451.07,4454.42,4406.78,4413.2,3000000000
EURUSD,2025-09-11T13:25:32.502412,1.08529,1.08576,1.08525,1.08546,25000000
GBPUSD,2025-09-11T13:25:32.502412,1.26306,1.26371,1.26302,1.26345,22000000
USDJPY,2025-09-11T13:25:32.502412,149.70884,149.78906,149.68737,149.72048,18000000
AUDUSD,2025-09-11T13:25:32.502412,0.65554,0.65661,0.65516,0.65622,16000000
USDCHF,2025-09-11T13:25:32.502412,0.84628,0.8465,0.84505,0.84518,14000000
GOLD,2025-09-11T13:25:32.502412,1847.50348,1849.84253,1843.45811,1849.30173,40000000
OIL,2025-09-11T13:25:32.502412,73.95526,75.04913,73.61182,74.64033,90000000
SPX,2025-09-11T13:25:32.502412,4413.2,4431.85,4407.51,4429.48,3000000000
EURUSD,2025-09-12T13:25:32.502412,1.08546,1.08552,1.08473,1.08484,25000000
GBPUSD,2025-09-12T13:25:32.502412,1.26345,1.26422,1.26289,1.26353,22000000
USDJPY,2025-09-12T13:25:32.502412,149.72048,149.9545,149.69217,149.85773,18000000
AUDUSD,2025-09-12T13:25:32.502412,0.65622,0.65755,0.65583,0.65752,16000000
USDCHF,2025-09-12T13:25:32.502412,0.84518,0.84534,0.84443,0.84461,14000000
GOLD,2025-09-12T13:25:32.502412,1849.30173,1850.10718,1848.61755,1850.05933,40000000
OIL,2025-09-12T13:25:32.502412,74.64033,77.44127,73.91128,77.21306,90000000
SPX,2025-09-12T13:25:32.502412,4429.48,4439.11,4423.09,4434.15,3000000000
EURUSD,2025-09-13T13:25:32.502412,1.08484,1.08487,1.08409,1.08421,25000000
GBPUSD,2025-09-13T13:25:32.502412,1.26353,1.26476,1.26343,1.2644,22000000
USDJPY,2025-09-13T13:25:32.502412,149.85773,149.89693,149.65682,149.76274,18000000
AUDUSD,2025-09-13T13:25:32.502412,0.65752,0.65846,0.65719,0.65801,16000000
USDCHF,2025-09-13T13:25:32.502412,0.84461,0.84655,0.84424,0.8463,14000000
GOLD,2025-09-13T13:25:32.502412,1850.05933,1851.38959,1847.62146,1848.36451,40000000
OIL,2025-09-13T13:25:32.502412,77.21306,78.02451,76.87937,77.74565,90000000
SPX,2025-09-13T13:25:32.502412,4434.15,4458.46,4424.97,4432.66,3000000000
EURUSD,2025-09-14T13:25:32.502412,1.08421,1.08451,1.08361,1.08401,25000000
GBPUSD,2025-09-14T13:25:32.502412,1.2644,1.26453,1.26293,1.26297,22000000
USDJPY,2025-09-14T13:25:32.502412,149.76274,150.13715,149.69295,150.051,18000000
AUDUSD,2025-09-14T13:25:32.502412,0.65801,0.65837,0.65784,0.65802,16000000
USDCHF,2025-09-14T13:25:32.502412,0.8463,0.84661,0.84629,0.84646,14000000
GOLD,2025-09-14T13:25:32.502412,1848.36451,1848.48371,1846.32068,1847.01592,40000000
OIL,2025-09-14T13:25:32.502412,77.74565,80.09448,76.97775,79.64887,90000000
SPX,2025-09-14T13:25:32.502412,4432.66,4433.8,4379.44,4383.86,3000000000
EURUSD,2025-09-15T13:25:32.502412,1.08401,1.08438,1.08396,1.08423,25000000
GBPUSD,2025-09-15T13:25:32.502412,1.26297,1.26314,1.26222,1.26247,22000000
USDJPY,2025-09-15T13:25:32.502412,150.051,150.16398,149.99702,150.1224,18000000
AUDUSD,2025-09-15T13:25:32.502412,0.65802,0.65868,0.65779,0.65839,16000000
USDCHF,2025-09-15T13:25:32.502412,0.84646,0.8466,0.84562,0.8458,14000000
GOLD,2025-09-15T13:25:32.502412,1847.01592,1849.17416,1846.89272,1849.15221,40000000
OIL,2025-09-15T13:25:32.502412,79.64887,81.39503,79.45191,81.18206,90000000
SPX,2025-09-15T13:25:32.502412,4383.86,4385.49,4370.56,4378.8,3000000000
EURUSD,2025-09-16T13:25:32.502412,1.08423,1.08509,1.08392,1.08489,25000000
GBPUSD,2025-09-16T13:25:32.502412,1.26247,1.2627,1.26238,1.26249,22000000
USDJPY,2025-09-16T13:25:32.502412,150.1224,150.19504,150.11658,150.18724,18000000
AUDUSD,2025-09-16T13:25:32.502412,0.65839,0.6594,0.65764,0.6591,16000000
USDCHF,2025-09-16T13:25:32.502412,0.8458,0.84609,0.84472,0.84499,14000000
GOLD,2025-09-16T13:25:32.502412,1849.15221,1852.57836,1848.49245,1851.92303,40000000
OIL,2025-09-16T13:25:32.502412,81.18206,81.50508,81.14008,81.16737,90000000
SPX,2025-09-16T13:25:32.502412,4378.8,4386.11,4360.77,4361.87,3000000000
EURUSD,2025-09-17T13:25:32.502412,1.08489,1.08497,1.08413,1.08423,25000000
GBPUSD,2025-09-17T13:25:32.502412,1.26249,1.26274,1.26186,1.26193,22000000
USDJPY,2025-09-17T13:25:32.502412,150.18724,150.26665,150.15897,150.23623,18000000
AUDUSD,2025-09-17T13:25:32.502412,0.6591,0.6599,0.6586,0.65938,16000000
USDCHF,2025-09-17T13:25:32.502412,0.84499,0.84505,0.84435,0.84442,14000000
GOLD,2025-09-17T13:25:32.502412,1851.92303,1857.98732,1851.7551,1857.08678,40000000
OIL,2025-09-17T13:25:32.502412,81.16737,81.52828,81.13788,81.14455,90000000
SPX,2025-09-17T13:25:32.502412,4361.87,4364.29,4348.45,4354.66,3000000000
EURUSD,2025-09-18T13:25:32.502412,1.08423,1.08501,1.0842,1.08465,25000000
GBPUSD,2025-09-18T13:25:32.502412,1.26193,1.26254,1.26181,1.26233,22000000
USDJPY,2025-09-18T13:25:32.502412,150.23623,150.2818,150.23037,150.28105,18000000
AUDUSD,2025-09-18T13:25:32.502412,0.65938,0.65939,0.65828,0.65845,16000000
USDCHF,2025-09-18T13:25:32.502412,0.84442,0.84581,0.8439,0.84558,14000000
GOLD,2025-09-18T13:25:32.502412,1857.08678,1858.00271,1854.20855,1854.40106,40000000
OIL,2025-09-18T13:25:32.502412,81.14455,84.0633,80.84225,83.77231,90000000
SPX,2025-09-18T13:25:32.502412,4354.66,4370.58,4335.73,4339.67,3000000000
EURUSD,2025-09-19T13:25:32.502412,1.08465,1.08468,1.08396,1.08404,25000000
GBPUSD,2025-09-19T13:25:32.502412,1.26233,1.26449,1.26216,1.26421,22000000
USDJPY,2025-09-19T13:25:32.502412,150.28105,150.31056,150.02215,150.10136,18000000
AUDUSD,2025-09-19T13:25:32.502412,0.65845,0.66108,0.65829,0.66065,16000000
USDCHF,2025-09-19T13:25:32.502412,0.84558,0.84591,0.84418,0.84421,14000000
GOLD,2025-09-19T13:25:32.502412,1854.40106,1860.40757,1853.77172,1858.73342,40000000
OIL,2025-09-19T13:25:32.502412,83.77231,83.79552,83.61029,83.7786,90000000
SPX,2025-09-19T13:25:32.502412,4339.67,4363.25,4338.6,4355.24,3000000000
EURUSD,2025-09-20T13:25:32.502412,1.08404,1.08426,1.08387,1.08414,25000000
GBPUSD,2025-09-20T13:25:32.502412,1.26421,1.26467,1.2627,1.26308,22000000
USDJPY,2025-09-20T13:25:32.502412,150.10136,150.21274,150.0083,150.16783,18000000
AUDUSD,2025-09-20T13:25:32.502412,0.66065,0.66122,0.66063,0.66079,16000000
USDCHF,2025-09-20T13:25:32.502412,0.84421,0.84628,0.84415,0.84586,14000000
GOLD,2025-09-20T13:25:32.502412,1858.73342,1862.81156,1857.29636,1862.13392,40000000
OIL,2025-09-20T13:25:32.502412,83.7786,84.02558,82.23966,82.6207,90000000
SPX,2025-09-20T13:25:32.502412,4355.24,4364.12,4295.98,4311.27,3000000000
EURUSD,2025-09-21T13:25:32.502412,1.08414,1.08431,1.08356,1.08392,25000000
GBPUSD,2025-09-21T13:25:32.502412,1.26308,1.26365,1.26267,1.26316,22000000
USDJPY,2025-09-21T13:25:32.502412,150.16783,150.17116,149.80411,149.82715,18000000
AUDUSD,2025-09-21T13:25:32.502412,0.66079,0.66154,0.66072,0.66075,16000000
USDCHF,2025-09-21T13:25:32.502412,0.84586,0.84602,0.84473,0.84482,14000000
GOLD,2025-09-21T13:25:32.502412,1862.13392,1862.67348,1857.73216,1858.84434,40000000
OIL,2025-09-21T13:25:32.502412,82.6207,82.96455,82.19062,82.54548,90000000
SPX,2025-09-21T13:25:32.502412,4311.27,4327.85,4305.33,4323.87,3000000000
EURUSD,2025-09-22T13:25:32.502412,1.08392,1.08417,1.0837,1.08383,25000000
GBPUSD,2025-09-22T13:25:32.502412,1.26316,1.26375,1.26195,1.26196,22000000
USDJPY,2025-09-22T13:25:32.502412,149.82715,149.83999,149.68047,149.68721,18000000
AUDUSD,2025-09-22T13:25:32.502412,0.66075,0.66097,0.66021,0.66049,16000000
USDCHF,2025-09-22T13:25:32.502412,0.84482,0.84495,0.84432,0.84439,14000000
GOLD,2025-09-22T13:25:32.502412,1858.84434,1860.43529,1849.3524,1850.78761,40000000
OIL,2025-09-22T13:25:32.502412,82.54548,84.6091,82.33792,84.51944,90000000
SPX,2025-09-22T13:25:32.502412,4323.87,4354.75,4315.48,4331.66,3000000000
EURUSD,2025-09-23T13:25:32.502412,1.08383,1.08406,1.08335,1.08373,25000000
GBPUSD,2025-09-23T13:25:32.502412,1.26196,1.26239,1.26153,1.26216,22000000
USDJPY,2025-09-23T13:25:32.502412,149.68721,149.7521,149.45666,149.55789,18000000
AUDUSD,2025-09-23T13:25:32.502412,0.66049,0.66155,0.65995,0.66154,16000000
USDCHF,2025-09-23T13:25:32.502412,0.84439,0.84466,0.84403,0.84445,14000000
GOLD,2025-09-23T13:25:32.502412,1850.78761,1853.76291,1850.58776,1852.6738,40000000
OIL,2025-09-23T13:25:32.502412,84.51944,85.01725,83.13528,83.4687,90000000
SPX,2025-09-23T13:25:32.502412,4331.66,4389.88,4327.43,4379.39,3000000000
EURUSD,2025-09-24T13:25:32.502412,1.08373,1.08385,1.08307,1.08321,25000000
GBPUSD,2025-09-24T13:25:32.502412,1.26216,1.26218,1.26105,1.2613,22000000
USDJPY,2025-09-24T13:25:32.502412,149.55789,149.615,149.54355,149.61198,18000000
AUDUSD,2025-09-24T13:25:32.502412,0.66154,0.66175,0.66018,0.66046,16000000
USDCHF,2025-09-24T13:25:32.502412,0.84445,0.84509,0.84443,0.84485,14000000
GOLD,2025-09-24T13:25:32.502412,1852.6738,1857.05653,1852.10327,1855.30365,40000000
OIL,2025-09-24T13:25:32.502412,83.4687,83.67412,82.39878,82.67355,90000000
SPX,2025-09-24T13:25:32.502412,4379.39,4391.6,4333.91,4334.27,3000000000
EURUSD,2025-09-25T13:25:32.502412,1.08321,1.08364,1.08306,1.08342,25000000
GBPUSD,2025-09-25T13:25:32.502412,1.2613,1.26132,1.25927,1.25964,22000000
USDJPY,2025-09-25T13:25:32.502412,149.61198,149.61483,149.42999,149.48162,18000000
AUDUSD,2025-09-25T13:25:32.502412,0.66046,0.66082,0.65979,0.65999,16000000
USDCHF,2025-09-25T13:25:32.502412,0.84485,0.84579,0.84473,0.84552,14000000
GOLD,2025-09-25T13:25:32.502412,1855.30365,1862.94437,1854.46691,1860.34914,40000000
OIL,2025-09-25T13:25:32.502412,82.67355,83.43914,82.53994,83.36604,90000000
SPX,2025-09-25T13:25:32.502412,4334.27,4334.92,4318.0,4319.17,3000000000
EURUSD,2025-09-26T13:25:32.502412,1.08342,1.08441,1.08334,1.08435,25000000
GBPUSD,2025-09-26T13:25:32.502412,1.25964,1.25978,1.2591,1.25923,22000000
USDJPY,2025-09-26T13:25:32.502412,149.48162,149.58576,149.46423,149.56051,18000000
AUDUSD,2025-09-26T13:25:32.502412,0.65999,0.6628,0.65988,0.66248,16000000
USDCHF,2025-09-26T13:25:32.502412,0.84552,0.84658,0.84503,0.84648,14000000
GOLD,2025-09-26T13:25:32.502412,1860.34914,1862.31348,1856.45175,1856.82084,40000000
OIL,2025-09-26T13:25:32.502412,83.36604,83.99166,83.24835,83.38814,90000000
SPX,2025-09-26T13:25:32.502412,4319.17,4325.39,4297.11,4313.69,3000000000
EURUSD,2025-09-27T13:25:32.502412,1.08435,1.08473,1.084,1.08454,25000000
GBPUSD,2025-09-27T13:25:32.502412,1.25923,1.26047,1.2591,1.26037,22000000
USDJPY,2025-09-27T13:25:32.502412,149.56051,149.8233,149.54959,149.68706,18000000
AUDUSD,2025-09-27T13:25:32.502412,0.66248,0.66295,0.66218,0.66278,16000000
USDCHF,2025-09-27T13:25:32.502412,0.84648,0.84735,0.84647,0.84715,14000000
GOLD,2025-09-27T13:25:32.502412,1856.82084,1857.32377,1854.7987,1855.14904,40000000
OIL,2025-09-27T13:25:32.502412,83.38814,84.81679,83.29099,84.63319,90000000
SPX,2025-09-27T13:25:32.502412,4313.69,4317.02,4286.39,4289.22,3000000000
EURUSD,2025-09-28T13:25:32.502412,1.08454,1.08537,1.08433,1.08515,25000000
GBPUSD,2025-09-28T13:25:32.502412,1.26037,1.26185,1.25981,1.26172,22000000
USDJPY,2025-09-28T13:25:32.502412,149.68706,149.76174,149.42558,149.5323,18000000
AUDUSD,2025-09-28T13:25:32.502412,0.66278,0.66481,0.66276,0.66458,16000000
USDCHF,2025-09-28T13:25:32.502412,0.84715,0.84764,0.84656,0.84737,14000000
GOLD,2025-09-28T13:25:32.502412,1855.14904,1855.71618,1854.38699,1855.60131,40000000
OIL,2025-09-28T13:25:32.502412,84.63319,85.291,84.34862,85.2104,90000000
SPX,2025-09-28T13:25:32.502412,4289.22,4315.12,4279.13,4301.01,3000000000
EURUSD,2025-09-29T13:25:32.502412,1.08515,1.08654,1.08491,1.08642,25000000
GBPUSD,2025-09-29T13:25:32.502412,1.26172,1.26174,1.26127,1.2616,22000000
USDJPY,2025-09-29T13:25:32.502412,149.5323,149.62408,149.18433,149.19381,18000000
AUDUSD,2025-09-29T13:25:32.502412,0.66458,0.66494,0.66347,0.66407,16000000
USDCHF,2025-09-29T13:25:32.502412,0.84737,0.84805,0.84706,0.84803,14000000
GOLD,2025-09-29T13:25:32.502412,1855.60131,1855.95389,1849.31607,1851.06854,40000000
OIL,2025-09-29T13:25:32.502412,85.2104,85.75153,84.81042,84.89889,90000000
SPX,2025-09-29T13:25:32.502412,4301.01,4321.24,4293.78,4294.19,3000000000
EURUSD,2025-09-30T13:25:32.502412,1.08642,1.08659,1.08579,1.08624,25000000
GBPUSD,2025-09-30T13:25:32.502412,1.2616,1.26281,1.26127,1.26273,22000000
USDJPY,2025-09-30T13:25:32.502412,149.19381,149.71204,149.19298,149.70848,18000000
AUDUSD,2025-09-30T13:25:32.502412,0.66407,0.66414,0.66398,0.66404,16000000
USDCHF,2025-09-30T13:25:32.502412,0.84803,0.84816,0.84756,0.84757,14000000
GOLD,2025-09-30T13:25:32.502412,1851.06854,1851.81703,1849.0548,1849.16655,40000000
OIL,2025-09-30T13:25:32.502412,84.89889,85.44033,83.63857,84.59292,90000000
SPX,2025-09-30T13:25:32.502412,4294.19,4330.82,4278.64,4321.48,3000000000
EURUSD,2025-10-01T13:25:32.502412,1.08624,1.08633,1.08563,1.08596,25000000
GBPUSD,2025-10-01T13:25:32.502412,1.26273,1.26306,1.26142,1.26195,22000000
USDJPY,2025-10-01T13:25:32.502412,149.70848,149.97191,149.66518,149.89562,18000000
AUDUSD,2025-10-01T13:25:32.502412,0.66404,0.66423,0.66251,0.66268,16000000
USDCHF,2025-10-01T13:25:32.502412,0.84757,0.84774,0.84654,0.84659,14000000
GOLD,2025-10-01T13:25:32.502412,1849.16655,1849.91306,1847.3882,1847.85468,40000000
OIL,2025-10-01T13:25:32.502412,84.59292,85.01028,83.77058,84.15976,90000000
SPX,2025-10-01T13:25:32.502412,4321.48,4341.33,4319.16,4336.88,3000000000
EURUSD,2025-10-02T13:25:32.502412,1.08596,1.08652,1.08574,1.08622,25000000
GBPUSD,2025-10-02T13:25:32.502412,1.26195,1.2621,1.26145,1.26176,22000000
USDJPY,2025-10-02T13:25:32.502412,149.89562,149.98013,149.66135,149.75475,18000000
AUDUSD,2025-10-02T13:25:32.502412,0.66268,0.66387,0.66205,0.66341,16000000
USDCHF,2025-10-02T13:25:32.502412,0.84659,0.847,0.84488,0.84493,14000000
GOLD,2025-10-02T13:25:32.502412,1847.85468,1848.42684,1847.09709,1847.51618,40000000
OIL,2025-10-02T13:25:32.502412,84.15976,84.55695,84.07347,84.1146,90000000
SPX,2025-10-02T13:25:32.502412,4336.88,4343.36,4336.45,4340.64,3000000000
EURUSD,2025-10-03T13:25:32.502412,1.08622,1.08684,1.08518,1.08567,56250000
GBPUSD,2025-10-03T13:25:32.502412,1.26176,1.26184,1.26001,1.26009,49500000
USDJPY,2025-10-03T13:25:32.502412,149.75475,149.78603,149.69788,149.74645,40500000
AUDUSD,2025-10-03T13:25:32.502412,0.66341,0.66562,0.66288,0.66551,36000000
USDCHF,2025-10-03T13:25:32.502412,0.84493,0.84554,0.84382,0.84419,31500000
GOLD,2025-10-03T13:25:32.502412,1847.51618,1847.91943,1842.24674,1843.79448,90000000
OIL,2025-10-03T13:25:32.502412,84.1146,84.66236,78.62374,79.61782,202500000
SPX,2025-10-03T13:25:32.502412,4340.64,4419.64,4340.34,4412.61,6750000000
EURUSD,2025-10-04T13:25:32.502412,1.08567,1.08602,1.08392,1.08401,62500000
GBPUSD,2025-10-04T13:25:32.502412,1.26009,1.26348,1.25925,1.26311,55000000
USDJPY,2025-10-04T13:25:32.502412,149.74645,150.64724,149.62935,150.48504,45000000
AUDUSD,2025-10-04T13:25:32.502412,0.66551,0.66619,0.65856,0.66045,40000000
USDCHF,2025-10-04T13:25:32.502412,0.84419,0.84428,0.8422,0.84261,35000000
GOLD,2025-10-04T13:25:32.502412,1843.79448,1845.00332,1833.73392,1833.99014,100000000
OIL,2025-10-04T13:25:32.502412,79.61782,79.68698,66.50193,67.32941,225000000
SPX,2025-10-04T13:25:32.502412,4412.61,4483.45,4386.05,4482.93,7500000000
EURUSD,2025-10-05T13:25:32.502412,1.08401,1.08689,1.08367,1.08602,62500000
GBPUSD,2025-10-05T13:25:32.502412,1.26311,1.26574,1.26253,1.26536,55000000
USDJPY,2025-10-05T13:25:32.502412,150.48504,150.67347,149.90034,149.98759,45000000
AUDUSD,2025-10-05T13:25:32.502412,0.66045,0.66169,0.66001,0.66164,40000000
USDCHF,2025-10-05T13:25:32.502412,0.84261,0.84325,0.84186,0.84205,35000000
GOLD,2025-10-05T13:25:32.502412,1833.99014,1835.1657,1823.1723,1825.44194,100000000
OIL,2025-10-05T13:25:32.502412,67.32941,67.66002,63.27606,63.32658,225000000
SPX,2025-10-05T13:25:32.502412,4482.93,4655.47,4479.81,4649.03,7500000000
EURUSD,2025-10-06T13:25:32.502412,1.08602,1.0875,1.0855,1.08689,37500000
GBPUSD,2025-10-06T13:25:32.502412,1.26536,1.2696,1.26495,1.26957,33000000
USDJPY,2025-10-06T13:25:32.502412,149.98759,150.01382,149.875,150.01025,27000000
AUDUSD,2025-10-06T13:25:32.502412,0.66164,0.66171,0.65883,0.65916,24000000
USDCHF,2025-10-06T13:25:32.502412,0.84205,0.84219,0.84055,0.84065,21000000
GOLD,2025-10-06T13:25:32.502412,1825.44194,1828.07903,1816.86078,1818.73946,60000000
OIL,2025-10-06T13:25:32.502412,63.32658,63.64319,61.38778,62.4296,135000000
SPX,2025-10-06T13:25:32.502412,4649.03,4684.16,4626.74,4668.68,4500000000
EURUSD,2025-10-07T13:25:32.502412,1.08689,1.08732,1.08599,1.08603,62500000
GBPUSD,2025-10-07T13:25:32.502412,1.26957,1.26988,1.26447,1.26531,55000000
USDJPY,2025-10-07T13:25:32.502412,150.01025,150.05379,148.11767,148.17113,45000000
AUDUSD,2025-10-07T13:25:32.502412,0.65916,0.6603,0.65181,0.65219,40000000
USDCHF,2025-10-07T13:25:32.502412,0.84065,0.84213,0.84001,0.842,35000000
GOLD,2025-10-07T13:25:32.502412,1818.73946,1833.70928,1817.12708,1831.60059,100000000
OIL,2025-10-07T13:25:32.502412,62.4296,62.76472,61.31324,62.59609,225000000
SPX,2025-10-07T13:25:32.502412,4668.68,4783.28,4665.47,4768.52,7500000000
EURUSD,2025-10-08T13:25:32.502412,1.08603,1.08652,1.0855,1.08619,62500000
GBPUSD,2025-10-08T13:25:32.502412,1.26531,1.26541,1.26349,1.26378,55000000
USDJPY,2025-10-08T13:25:32.502412,148.17113,148.46577,147.86327,147.93979,45000000
AUDUSD,2025-10-08T13:25:32.502412,0.65219,0.65519,0.65179,0.65474,40000000
USDCHF,2025-10-08T13:25:32.502412,0.842,0.84461,0.84132,0.84404,35000000
GOLD,2025-10-08T13:25:32.502412,1831.60059,1841.33898,1830.61061,1839.59103,100000000
OIL,2025-10-08T13:25:32.502412,62.59609,65.70247,62.44998,65.24676,225000000
SPX,2025-10-08T13:25:32.502412,4768.52,4943.3,4741.58,4920.09,7500000000
EURUSD,2025-10-09T13:25:32.502412,1.08619,1.08834,1.08606,1.08815,62500000
GBPUSD,2025-10-09T13:25:32.502412,1.26378,1.26418,1.26124,1.26245,55000000
USDJPY,2025-10-09T13:25:32.502412,147.93979,148.17715,147.77428,148.08135,45000000
AUDUSD,2025-10-09T13:25:32.502412,0.65474,0.65827,0.65344,0.65825,40000000
USDCHF,2025-10-09T13:25:32.502412,0.84404,0.8458,0.84403,0.8457,35000000
GOLD,2025-10-09T13:25:32.502412,1839.59103,1844.89759,1821.8387,1822.95353,100000000
OIL,2025-10-09T13:25:32.502412,65.24676,68.34786,64.7558,67.59607,225000000
SPX,2025-10-09T13:25:32.502412,4920.09,4928.85,4730.03,4735.42,7500000000
EURUSD,2025-10-10T13:25:32.502412,1.08815,1.08869,1.08587,1.08626,62500000
GBPUSD,2025-10-10T13:25:32.502412,1.26245,1.26309,1.25971,1.26042,55000000
USDJPY,2025-10-10T13:25:32.502412,148.08135,148.1592,146.95557,146.97563,45000000
AUDUSD,2025-10-10T13:25:32.502412,0.65825,0.65911,0.65695,0.65754,40000000
USDCHF,2025-10-10T13:25:32.502412,0.8457,0.84588,0.8445,0.84452,35000000
GOLD,2025-10-10T13:25:32.502412,1822.95353,1823.35484,1804.95769,1805.0552,100000000
OIL,2025-10-10T13:25:32.502412,67.59607,74.66068,67.13132,74.12338,225000000
SPX,2025-10-10T13:25:32.502412,4735.42,4740.04,4515.81,4519.09,7500000000
EURUSD,2025-10-11T13:25:32.502412,1.08626,1.08702,1.08542,1.08547,62500000
GBPUSD,2025-10-11T13:25:32.502412,1.26042,1.26078,1.25919,1.2593,55000000
USDJPY,2025-10-11T13:25:32.502412,146.97563,147.35606,146.84679,147.33277,45000000
AUDUSD,2025-10-11T13:25:32.502412,0.65754,0.66256,0.65704,0.66247,40000000
USDCHF,2025-10-11T13:25:32.502412,0.84452,0.84525,0.84042,0.84069,35000000
GOLD,2025-10-11T13:25:32.502412,1805.0552,1808.3428,1799.63616,1799.77424,100000000
OIL,2025-10-11T13:25:32.502412,74.12338,78.14277,73.08081,76.78833,225000000
SPX,2025-10-11T13:25:32.502412,4519.09,4745.57,4511.56,4738.97,7500000000
EURUSD,2025-10-12T13:25:32.502412,1.08547,1.08581,1.08208,1.0822,37500000
GBPUSD,2025-10-12T13:25:32.502412,1.2593,1.26007,1.25652,1.25704,33000000
USDJPY,2025-10-12T13:25:32.502412,147.33277,147.86483,147.11118,147.85293,27000000
AUDUSD,2025-10-12T13:25:32.502412,0.66247,0.66357,0.65683,0.65733,24000000
USDCHF,2025-10-12T13:25:32.502412,0.84069,0.84081,0.84043,0.84055,21000000
GOLD,2025-10-12T13:25:32.502412,1799.77424,1807.33124,1796.74233,1804.70301,60000000
OIL,2025-10-12T13:25:32.502412,76.78833,77.59279,76.14725,76.39401,135000000
SPX,2025-10-12T13:25:32.502412,4738.97,4793.2,4732.26,4784.65,4500000000
EURUSD,2025-10-13T13:25:32.502412,1.0822,1.08284,1.08005,1.08014,62500000
GBPUSD,2025-10-13T13:25:32.502412,1.25704,1.2571,1.25334,1.25421,55000000
USDJPY,2025-10-13T13:25:32.502412,147.85293,148.61016,147.84811,148.39405,45000000
AUDUSD,2025-10-13T13:25:32.502412,0.65733,0.66429,0.65684,0.6642,40000000
USDCHF,2025-10-13T13:25:32.502412,0.84055,0.84086,0.83764,0.83786,35000000
GOLD,2025-10-13T13:25:32.502412,1804.70301,1832.10643,1799.61287,1831.15658,100000000
OIL,2025-10-13T13:25:32.502412,76.39401,84.54424,75.82823,83.99674,225000000
SPX,2025-10-13T13:25:32.502412,4784.65,4799.15,4741.39,4742.1,7500000000
EURUSD,2025-10-14T13:25:32.502412,1.08014,1.08071,1.07942,1.08015,62500000
GBPUSD,2025-10-14T13:25:32.502412,1.25421,1.25434,1.25068,1.2507,55000000
USDJPY,2025-10-14T13:25:32.502412,148.39405,148.63906,148.19768,148.22734,45000000
AUDUSD,2025-10-14T13:25:32.502412,0.6642,0.66819,0.664,0.66747,40000000
USDCHF,2025-10-14T13:25:32.502412,0.83786,0.83816,0.83183,0.8321,35000000
GOLD,2025-10-14T13:25:32.502412,1831.15658,1834.09523,1821.19869,1823.14042,100000000
OIL,2025-10-14T13:25:32.502412,83.99674,84.46254,83.2078,83.71052,225000000
SPX,2025-10-14T13:25:32.502412,4742.1,4755.53,4693.23,4702.76,7500000000
EURUSD,2025-10-15T13:25:32.502412,1.08015,1.08041,1.07616,1.07679,62500000
GBPUSD,2025-10-15T13:25:32.502412,1.2507,1.25194,1.24949,1.24991,55000000
USDJPY,2025-10-15T13:25:32.502412,148.22734,148.25109,146.7604,146.83857,45000000
AUDUSD,2025-10-15T13:25:32.502412,0.66747,0.67003,0.66717,0.6698,40000000
USDCHF,2025-10-15T13:25:32.502412,0.8321,0.83238,0.83042,0.83043,35000000
GOLD,2025-10-15T13:25:32.502412,1823.14042,1826.76826,1792.23236,1793.14864,100000000
OIL,2025-10-15T13:25:32.502412,83.71052,83.79694,83.08637,83.5281,225000000
SPX,2025-10-15T13:25:32.502412,4702.76,4808.9,4677.73,4805.04,7500000000
EURUSD,2025-10-16T13:25:32.502412,1.07679,1.0771,1.07528,1.07552,62500000
GBPUSD,2025-10-16T13:25:32.502412,1.24991,1.25064,1.24273,1.24361,55000000
USDJPY,2025-10-16T13:25:32.502412,146.83857,146.96422,146.45694,146.65901,45000000
AUDUSD,2025-10-16T13:25:32.502412,0.6698,0.67277,0.66977,0.672,40000000
USDCHF,2025-10-16T13:25:32.502412,0.83043,0.83141,0.83012,0.83098,35000000
GOLD,2025-10-16T13:25:32.502412,1793.14864,1818.31886,1790.25045,1815.21813,100000000
OIL,2025-10-16T13:25:32.502412,83.5281,86.81578,83.1724,86.5308,225000000
SPX,2025-10-16T13:25:32.502412,4805.04,4813.29,4768.89,4778.97,7500000000
EURUSD,2025-10-17T13:25:32.502412,1.07552,1.07616,1.07526,1.0756,62500000
GBPUSD,2025-10-17T13:25:32.502412,1.24361,1.24556,1.2419,1.24509,55000000
USDJPY,2025-10-17T13:25:32.502412,146.65901,146.86777,145.6965,145.74,45000000
AUDUSD,2025-10-17T13:25:32.502412,0.672,0.6783,0.67116,0.67737,40000000
USDCHF,2025-10-17T13:25:32.502412,0.83098,0.83265,0.83096,0.83248,35000000
GOLD,2025-10-17T13:25:32.502412,1815.21813,1815.37945,1805.84527,1808.53956,100000000
OIL,2025-10-17T13:25:32.502412,86.5308,86.88631,80.62798,81.74872,225000000
SPX,2025-10-17T13:25:32.502412,4778.97,4844.29,4766.21,4821.78,7500000000
EURUSD,2025-10-18T13:25:32.502412,1.0756,1.07688,1.07544,1.07671,62500000
GBPUSD,2025-10-18T13:25:32.502412,1.24509,1.24532,1.23653,1.23679,55000000
USDJPY,2025-10-18T13:25:32.502412,145.74,145.76865,144.88468,144.91577,45000000
AUDUSD,2025-10-18T13:25:32.502412,0.67737,0.67837,0.67735,0.67832,40000000
USDCHF,2025-10-18T13:25:32.502412,0.83248,0.8325,0.8298,0.83015,35000000
GOLD,2025-10-18T13:25:32.502412,1808.53956,1809.83472,1804.34334,1809.66959,100000000
OIL,2025-10-18T13:25:32.502412,81.74872,81.99819,76.63178,77.35035,225000000
SPX,2025-10-18T13:25:32.502412,4821.78,5142.73,4819.69,5111.4,7500000000
EURUSD,2025-10-19T13:25:32.502412,1.07671,1.07829,1.07654,1.07799,27500000
GBPUSD,2025-10-19T13:25:32.502412,1.23679,1.23701,1.23458,1.23527,24200000
USDJPY,2025-10-19T13:25:32.502412,144.91577,144.93142,144.79821,144.86085,19800000
AUDUSD,2025-10-19T13:25:32.502412,0.67832,0.67924,0.67816,0.67917,17600000
USDCHF,2025-10-19T13:25:32.502412,0.83015,0.83294,0.83009,0.83292,15400000
GOLD,2025-10-19T13:25:32.502412,1809.66959,1816.35785,1808.17393,1814.96489,44000000
OIL,2025-10-19T13:25:32.502412,77.35035,78.94785,76.6447,78.45407,99000000
SPX,2025-10-19T13:25:32.502412,5111.4,5114.13,5063.35,5070.14,3300000000
EURUSD,2025-10-20T13:25:32.502412,1.07799,1.07809,1.07782,1.07792,27500000
GBPUSD,2025-10-20T13:25:32.502412,1.23527,1.23646,1.23511,1.23588,24200000
USDJPY,2025-10-20T13:25:32.502412,144.86085,144.93027,144.70489,144.79054,19800000
AUDUSD,2025-10-20T13:25:32.502412,0.67917,0.67943,0.67675,0.67705,17600000
USDCHF,2025-10-20T13:25:32.502412,0.83292,0.83332,0.83253,0.83258,15400000
GOLD,2025-10-20T13:25:32.502412,1814.96489,1815.81586,1814.94526,1815.59779,44000000
OIL,2025-10-20T13:25:32.502412,78.45407,79.07617,75.87088,76.55971,99000000
SPX,2025-10-20T13:25:32.502412,5070.14,5079.06,5020.27,5039.65,3300000000
EURUSD,2025-10-21T13:25:32.502412,1.07792,1.0783,1.07671,1.07718,27500000
GBPUSD,2025-10-21T13:25:32.502412,1.23588,1.23758,1.23507,1.23733,24200000
USDJPY,2025-10-21T13:25:32.502412,144.79054,145.09667,144.61058,145.07328,19800000
AUDUSD,2025-10-21T13:25:32.502412,0.67705,0.68161,0.67634,0.68101,17600000
USDCHF,2025-10-21T13:25:32.502412,0.83258,0.83446,0.83218,0.83375,15400000
GOLD,2025-10-21T13:25:32.502412,1815.59779,1819.18928,1814.52249,1818.43989,44000000
OIL,2025-10-21T13:25:32.502412,76.55971,77.99261,76.51469,77.87114,99000000
SPX,2025-10-21T13:25:32.502412,5039.65,5046.43,5034.87,5037.39,3300000000
EURUSD,2025-10-22T13:25:32.502412,1.07718,1.07721,1.07495,1.07523,27500000
GBPUSD,2025-10-22T13:25:32.502412,1.23733,1.2374,1.23524,1.23574,24200000
USDJPY,2025-10-22T13:25:32.502412,145.07328,145.45084,145.00203,145.33776,19800000
AUDUSD,2025-10-22T13:25:32.502412,0.68101,0.68306,0.68091,0.68263,17600000
USDCHF,2025-10-22T13:25:32.502412,0.83375,0.83467,0.83372,0.83439,15400000
GOLD,2025-10-22T13:25:32.502412,1818.43989,1819.19762,1811.31348,1811.71641,44000000
OIL,2025-10-22T13:25:32.502412,77.87114,78.06142,75.10996,75.11845,99000000
SPX,2025-10-22T13:25:32.502412,5037.39,5059.3,5025.12,5057.28,3300000000
EURUSD,2025-10-23T13:25:32.502412,1.07523,1.0755,1.07519,1.07537,27500000
GBPUSD,2025-10-23T13:25:32.502412,1.23574,1.23654,1.23573,1.23653,24200000
USDJPY,2025-10-23T13:25:32.502412,145.33776,145.38549,145.0346,145.13559,19800000
AUDUSD,2025-10-23T13:25:32.502412,0.68263,0.6862,0.68234,0.68566,17600000
USDCHF,2025-10-23T13:25:32.502412,0.83439,0.83465,0.83348,0.83356,15400000
GOLD,2025-10-23T13:25:32.502412,1811.71641,1818.85362,1811.36487,1818.00503,44000000
OIL,2025-10-23T13:25:32.502412,75.11845,76.04515,73.16192,73.67497,99000000
SPX,2025-10-23T13:25:32.502412,5057.28,5074.14,5053.56,5068.44,3300000000
EURUSD,2025-10-24T13:25:32.502412,1.07537,1.07541,1.07515,1.07516,27500000
GBPUSD,2025-10-24T13:25:32.502412,1.23653,1.23687,1.23552,1.23631,24200000
USDJPY,2025-10-24T13:25:32.502412,145.13559,145.23421,144.96867,144.97503,19800000
AUDUSD,2025-10-24T13:25:32.502412,0.68566,0.69046,0.68495,0.69012,17600000
USDCHF,2025-10-24T13:25:32.502412,0.83356,0.83565,0.8334,0.83549,15400000
GOLD,2025-10-24T13:25:32.502412,1818.00503,1826.68985,1817.74851,1826.21214,44000000
OIL,2025-10-24T13:25:32.502412,73.67497,74.11334,72.38933,72.66982,99000000
SPX,2025-10-24T13:25:32.502412,5068.44,5068.74,5017.44,5024.37,3300000000
EURUSD,2025-10-25T13:25:32.502412,1.07516,1.07588,1.07507,1.07543,27500000
GBPUSD,2025-10-25T13:25:32.502412,1.23631,1.23823,1.23618,1.23751,24200000
USDJPY,2025-10-25T13:25:32.502412,144.97503,145.41569,144.8546,145.3286,19800000
AUDUSD,2025-10-25T13:25:32.502412,0.69012,0.69114,0.69009,0.69084,17600000
USDCHF,2025-10-25T13:25:32.502412,0.83549,0.83616,0.83534,0.83614,15400000
GOLD,2025-10-25T13:25:32.502412,1826.21214,1826.42554,1819.79067,1821.57195,44000000
OIL,2025-10-25T13:25:32.502412,72.66982,73.06031,72.15987,72.47762,99000000
SPX,2025-10-25T13:25:32.502412,5024.37,5078.69,5018.89,5068.87,3300000000
EURUSD,2025-10-26T13:25:32.502412,1.07543,1.07552,1.07382,1.07417,27500000
GBPUSD,2025-10-26T13:25:32.502412,1.23751,1.23855,1.23737,1.23772,24200000
USDJPY,2025-10-26T13:25:32.502412,145.3286,145.40616,145.31898,145.38391,19800000
AUDUSD,2025-10-26T13:25:32.502412,0.69084,0.69115,0.69016,0.69058,17600000
USDCHF,2025-10-26T13:25:32.502412,0.83614,0.83652,0.8347,0.83523,15400000
GOLD,2025-10-26T13:25:32.502412,1821.57195,1825.52247,1818.85931,1824.13223,44000000
OIL,2025-10-26T13:25:32.502412,72.47762,74.22606,72.475,73.14909,99000000
SPX,2025-10-26T13:25:32.502412,5068.87,5099.8,5067.98,5099.06,3300000000
EURUSD,2025-10-27T13:25:32.502412,1.07417,1.07531,1.07409,1.07523,27500000
GBPUSD,2025-10-27T13:25:32.502412,1.23772,1.23842,1.23736,1.23818,24200000
USDJPY,2025-10-27T13:25:32.502412,145.38391,145.43832,145.29489,145.33352,19800000
AUDUSD,2025-10-27T13:25:32.502412,0.69058,0.69059,0.68902,0.68902,17600000
USDCHF,2025-10-27T13:25:32.502412,0.83523,0.83662,0.83522,0.83648,15400000
GOLD,2025-10-27T13:25:32.502412,1824.13223,1830.00543,1823.42939,1828.25377,44000000
OIL,2025-10-27T13:25:32.502412,73.14909,73.73369,72.68896,73.16698,99000000
SPX,2025-10-27T13:25:32.502412,5099.06,5104.54,5086.39,5088.07,3300000000
EURUSD,2025-10-28T13:25:32.502412,1.07523,1.07545,1.07521,1.0753,27500000
GBPUSD,2025-10-28T13:25:32.502412,1.23818,1.23891,1.23747,1.23888,24200000
USDJPY,2025-10-28T13:25:32.502412,145.33352,145.34389,144.97589,145.06299,19800000
AUDUSD,2025-10-28T13:25:32.502412,0.68902,0.69072,0.6885,0.69006,17600000
USDCHF,2025-10-28T13:25:32.502412,0.83648,0.83691,0.83619,0.83624,15400000
GOLD,2025-10-28T13:25:32.502412,1828.25377,1829.02666,1826.17374,1826.55485,44000000
OIL,2025-10-28T13:25:32.502412,73.16698,73.2406,72.42684,72.49621,99000000
SPX,2025-10-28T13:25:32.502412,5088.07,5092.11,5077.35,5088.18,3300000000
EURUSD,2025-10-29T13:25:32.502412,1.0753,1.07682,1.07456,1.07639,27500000
GBPUSD,2025-10-29T13:25:32.502412,1.23888,1.24072,1.2388,1.24023,24200000
USDJPY,2025-10-29T13:25:32.502412,145.06299,145.19273,144.68701,144.726,19800000
AUDUSD,2025-10-29T13:25:32.502412,0.69006,0.69162,0.68894,0.69137,17600000
USDCHF,2025-10-29T13:25:32.502412,0.83624,0.83635,0.83518,0.83561,15400000
GOLD,2025-10-29T13:25:32.502412,1826.55485,1827.49828,1825.82495,1827.47899,44000000
OIL,2025-10-29T13:25:32.502412,72.49621,73.12321,71.97929,72.70284,99000000
SPX,2025-10-29T13:25:32.502412,5088.18,5088.43,5074.07,5082.47,3300000000
EURUSD,2025-10-30T13:25:32.502412,1.07639,1.07664,1.07583,1.07588,27500000
GBPUSD,2025-10-30T13:25:32.502412,1.24023,1.24319,1.23965,1.24269,24200000
USDJPY,2025-10-30T13:25:32.502412,144.726,145.16477,144.67782,145.14969,19800000
AUDUSD,2025-10-30T13:25:32.502412,0.69137,0.69343,0.69058,0.69317,17600000
USDCHF,2025-10-30T13:25:32.502412,0.83561,0.83653,0.83499,0.83639,15400000
GOLD,2025-10-30T13:25:32.502412,1827.47899,1828.41403,1824.04908,1824.42619,44000000
OIL,2025-10-30T13:25:32.502412,72.70284,75.62682,72.68901,74.95225,99000000
SPX,2025-10-30T13:25:32.502412,5082.47,5086.61,5049.25,5055.35,3300000000
EURUSD,2025-10-31T13:25:32.502412,1.07588,1.07824,1.07577,1.0782,27500000
GBPUSD,2025-10-31T13:25:32.502412,1.24269,1.24344,1.24234,1.24296,24200000
USDJPY,2025-10-31T13:25:32.502412,145.14969,145.54271,145.07432,145.49541,19800000
AUDUSD,2025-10-31T13:25:32.502412,0.69317,0.69461,0.69286,0.6941,17600000
USDCHF,2025-10-31T13:25:32.502412,0.83639,0.83775,0.83598,0.83754,15400000
GOLD,2025-10-31T13:25:32.502412,1824.42619,1832.39948,1824.11014,1831.99291,44000000
OIL,2025-10-31T13:25:32.502412,74.95225,77.48766,74.75531,77.24737,99000000
SPX,2025-10-31T13:25:32.502412,5055.35,5139.08,5047.0,5133.29,3300000000
EURUSD,2025-11-01T13:25:32.502412,1.0782,1.07834,1.07776,1.07826,27500000
GBPUSD,2025-11-01T13:25:32.502412,1.24296,1.24388,1.24257,1.24369,24200000
USDJPY,2025-11-01T13:25:32.502412,145.49541,145.55584,145.31508,145.39031,19800000
AUDUSD,2025-11-01T13:25:32.502412,0.6941,0.69498,0.69022,0.6907,17600000
USDCHF,2025-11-01T13:25:32.502412,0.83754,0.83762,0.83719,0.83728,15400000
GOLD,2025-11-01T13:25:32.502412,1831.99291,1837.18842,1831.25823,1836.10422,44000000
OIL,2025-11-01T13:25:32.502412,77.24737,77.36944,76.85115,76.95858,99000000
SPX,2025-11-01T13:25:32.502412,5133.29,5195.57,5126.68,5191.15,3300000000
EURUSD,2025-11-02T13:25:32.502412,1.07826,1.07937,1.07821,1.07903,27500000
GBPUSD,2025-11-02T13:25:32.502412,1.24369,1.24383,1.24159,1.24182,24200000
USDJPY,2025-11-02T13:25:32.502412,145.39031,145.43253,145.14891,145.23807,19800000
AUDUSD,2025-11-02T13:25:32.502412,0.6907,0.69087,0.68996,0.69074,17600000
USDCHF,2025-11-02T13:25:32.502412,0.83728,0.83831,0.83712,0.83756,15400000
GOLD,2025-11-02T13:25:32.502412,1836.10422,1837.05343,1826.74972,1827.22998,44000000
OIL,2025-11-02T13:25:32.502412,76.95858,79.47809,76.89877,79.18728,99000000
SPX,2025-11-02T13:25:32.502412,5191.15,5193.04,5139.43,5147.08,3300000000
EURUSD,2025-11-03T13:25:32.502412,1.07903,1.07917,1.07816,1.07856,25000000
GBPUSD,2025-11-03T13:25:32.502412,1.24182,1.24258,1.24169,1.24222,22000000
USDJPY,2025-11-03T13:25:32.502412,145.23807,145.51398,145.23002,145.47739,18000000
AUDUSD,2025-11-03T13:25:32.502412,0.69074,0.69104,0.6905,0.69075,16000000
USDCHF,2025-11-03T13:25:32.502412,0.83756,0.83766,0.83725,0.83746,14000000
GOLD,2025-11-03T13:25:32.502412,1827.22998,1827.98848,1825.3074,1825.69887,40000000
OIL,2025-11-03T13:25:32.502412,79.18728,81.4035,79.10639,81.25963,90000000
SPX,2025-11-03T13:25:32.502412,5147.08,5181.03,5133.87,5170.39,3000000000
EURUSD,2025-11-04T13:25:32.502412,1.07856,1.07887,1.07721,1.07734,25000000
GBPUSD,2025-11-04T13:25:32.502412,1.24222,1.24494,1.24216,1.24477,22000000
USDJPY,2025-11-04T13:25:32.502412,145.47739,145.90618,145.3537,145.78581,18000000
AUDUSD,2025-11-04T13:25:32.502412,0.69075,0.69257,0.69054,0.6922,16000000
USDCHF,2025-11-04T13:25:32.502412,0.83746,0.83822,0.83726,0.83808,14000000
GOLD,2025-11-04T13:25:32.502412,1825.69887,1825.87757,1825.21117,1825.68706,40000000
OIL,2025-11-04T13:25:32.502412,81.25963,82.43921,81.22781,82.0953,90000000
SPX,2025-11-04T13:25:32.502412,5170.39,5215.9,5168.94,5207.33,3000000000
EURUSD,2025-11-05T13:25:32.502412,1.07734,1.07779,1.07675,1.07677,25000000
GBPUSD,2025-11-05T13:25:32.502412,1.24477,1.24523,1.24446,1.24465,22000000
USDJPY,2025-11-05T13:25:32.502412,145.78581,145.89706,145.50771,145.58098,18000000
AUDUSD,2025-11-05T13:25:32.502412,0.6922,0.69298,0.69186,0.6929,16000000
USDCHF,2025-11-05T13:25:32.502412,0.83808,0.83835,0.83733,0.83779,14000000
GOLD,2025-11-05T13:25:32.502412,1825.68706,1831.60171,1824.51147,1831.08842,40000000
OIL,2025-11-05T13:25:32.502412,82.0953,82.901,81.97896,82.26436,90000000
SPX,2025-11-05T13:25:32.502412,5207.33,5210.83,5191.68,5203.64,3000000000
EURUSD,2025-11-06T13:25:32.502412,1.07677,1.07731,1.07649,1.07718,25000000
GBPUSD,2025-11-06T13:25:32.502412,1.24465,1.24466,1.24125,1.24178,22000000
USDJPY,2025-11-06T13:25:32.502412,145.58098,145.94065,145.54484,145.91323,18000000
AUDUSD,2025-11-06T13:25:32.502412,0.6929,0.69382,0.69279,0.69346,16000000
USDCHF,2025-11-06T13:25:32.502412,0.83779,0.83869,0.83776,0.8384,14000000
GOLD,2025-11-06T13:25:32.502412,1831.08842,1832.0103,1829.50733,1830.37556,40000000
OIL,2025-11-06T13:25:32.502412,82.26436,82.39661,81.6637,81.99259,90000000
SPX,2025-11-06T13:25:32.502412,5203.64,5214.84,5181.53,5183.56,3000000000
EURUSD,2025-11-07T13:25:32.502412,1.07718,1.07736,1.07658,1.07716,25000000
GBPUSD,2025-11-07T13:25:32.502412,1.24178,1.24289,1.2417,1.24266,22000000
USDJPY,2025-11-07T13:25:32.502412,145.91323,145.95758,145.81948,145.92663,18000000
AUDUSD,2025-11-07T13:25:32.502412,0.69346,0.69375,0.69238,0.69283,16000000
USDCHF,2025-11-07T13:25:32.502412,0.8384,0.83896,0.83829,0.83863,14000000
GOLD,2025-11-07T13:25:32.502412,1830.37556,1832.07145,1829.02784,1830.25081,40000000
OIL,2025-11-07T13:25:32.502412,81.99259,82.28428,81.03887,81.11108,90000000
SPX,2025-11-07T13:25:32.502412,5183.56,5219.9,5183.1,5212.28,3000000000
EURUSD,2025-11-08T13:25:32.502412,1.07716,1.07767,1.07712,1.07751,25000000
GBPUSD,2025-11-08T13:25:32.502412,1.24266,1.24291,1.24227,1.2423,22000000
USDJPY,2025-11-08T13:25:32.502412,145.92663,146.10191,145.686,145.7122,18000000
AUDUSD,2025-11-08T13:25:32.502412,0.69283,0.69476,0.69247,0.69391,16000000
USDCHF,2025-11-08T13:25:32.502412,0.83863,0.83962,0.83863,0.83913,14000000
GOLD,2025-11-08T13:25:32.502412,1830.25081,1830.44285,1826.25918,1827.7028,40000000
OIL,2025-11-08T13:25:32.502412,81.11108,81.39879,80.16213,80.33592,90000000
SPX,2025-11-08T13:25:32.502412,5212.28,5213.2,5176.26,5188.45,3000000000
EURUSD,2025-11-09T13:25:32.502412,1.07751,1.07783,1.07744,1.07776,25000000
GBPUSD,2025-11-09T13:25:32.502412,1.2423,1.24256,1.24071,1.24073,22000000
USDJPY,2025-11-09T13:25:32.502412,145.7122,145.90378,145.65818,145.6761,18000000
AUDUSD,2025-11-09T13:25:32.502412,0.69391,0.69407,0.6926,0.69301,16000000
USDCHF,2025-11-09T13:25:32.502412,0.83913,0.83956,0.83891,0.83922,14000000
GOLD,2025-11-09T13:25:32.502412,1827.7028,1829.66977,1824.23025,1825.3643,40000000
OIL,2025-11-09T13:25:32.502412,80.33592,80.79708,79.7747,79.79913,90000000
SPX,2025-11-09T13:25:32.502412,5188.45,5213.4,5182.1,5209.77,3000000000
EURUSD,2025-11-10T13:25:32.502412,1.07776,1.07801,1.07717,1.07725,25000000
GBPUSD,2025-11-10T13:25:32.502412,1.24073,1.24102,1.2402,1.24033,22000000
USDJPY,2025-11-10T13:25:32.502412,145.6761,146.15266,145.67465,146.08861,18000000
AUDUSD,2025-11-10T13:25:32.502412,0.69301,0.69474,0.69285,0.69471,16000000
USDCHF,2025-11-10T13:25:32.502412,0.83922,0.83932,0.83832,0.83837,14000000
GOLD,2025-11-10T13:25:32.502412,1825.3643,1830.06111,1822.64526,1828.81435,40000000
OIL,2025-11-10T13:25:32.502412,79.79913,80.61198,79.72915,80.49469,90000000
SPX,2025-11-10T13:25:32.502412,5209.77,5212.3,5198.72,5200.94,3000000000
EURUSD,2025-11-11T13:25:32.502412,1.07725,1.0777,1.07701,1.07738,25000000
GBPUSD,2025-11-11T13:25:32.502412,1.24033,1.24187,1.2403,1.24147,22000000
USDJPY,2025-11-11T13:25:32.502412,146.08861,146.12508,145.58642,145.66424,18000000
AUDUSD,2025-11-11T13:25:32.502412,0.69471,0.69507,0.6945,0.69468,16000000
USDCHF,2025-11-11T13:25:32.502412,0.83837,0.83917,0.83831,0.83904,14000000
GOLD,2025-11-11T13:25:32.502412,1828.81435,1829.2257,1826.56194,1827.53047,40000000
OIL,2025-11-11T13:25:32.502412,80.49469,82.54918,80.05652,82.43314,90000000
SPX,2025-11-11T13:25:32.502412,5200.94,5246.46,5197.7,5238.97,3000000000
EURUSD,2025-11-12T13:25:32.502412,1.07738,1.07771,1.07717,1.07771,25000000
GBPUSD,2025-11-12T13:25:32.502412,1.24147,1.24215,1.24111,1.2418,22000000
USDJPY,2025-11-12T13:25:32.502412,145.66424,145.67631,145.55432,145.57131,18000000
AUDUSD,2025-11-12T13:25:32.502412,0.69468,0.69489,0.6942,0.69437,16000000
USDCHF,2025-11-12T13:25:32.502412,0.83904,0.84006,0.83901,0.83974,14000000
GOLD,2025-11-12T13:25:32.502412,1827.53047,1835.36707,1826.81884,1834.31672,40000000
OIL,2025-11-12T13:25:32.502412,82.43314,83.11448,82.30692,83.04983,90000000
SPX,2025-11-12T13:25:32.502412,5238.97,5255.96,5230.65,5251.2,3000000000
EURUSD,2025-11-13T13:25:32.502412,1.07771,1.07809,1.07755,1.07804,25000000
GBPUSD,2025-11-13T13:25:32.502412,1.2418,1.24373,1.2415,1.2437,22000000
USDJPY,2025-11-13T13:25:32.502412,145.57131,145.79995,145.44095,145.79273,18000000
AUDUSD,2025-11-13T13:25:32.502412,0.69437,0.69558,0.69434,0.69539,16000000
USDCHF,2025-11-13T13:25:32.502412,0.83974,0.84005,0.83957,0.84,14000000
GOLD,2025-11-13T13:25:32.502412,1834.31672,1834.85548,1832.51999,1832.79252,40000000
OIL,2025-11-13T13:25:32.502412,83.04983,84.15794,82.71307,83.93641,90000000
SPX,2025-11-13T13:25:32.502412,5251.2,5282.37,5245.14,5278.35,3000000000
EURUSD,2025-11-14T13:25:32.502412,1.07804,1.07877,1.07798,1.07833,25000000
GBPUSD,2025-11-14T13:25:32.502412,1.2437,1.2437,1.24325,1.24335,22000000
USDJPY,2025-11-14T13:25:32.502412,145.79273,146.0497,145.72951,145.95272,18000000
AUDUSD,2025-11-14T13:25:32.502412,0.69539,0.69573,0.69349,0.6941,16000000
USDCHF,2025-11-14T13:25:32.502412,0.84,0.84005,0.8399,0.83992,14000000
GOLD,2025-11-14T13:25:32.502412,1832.79252,1837.83281,1832.54223,1836.85909,40000000
OIL,2025-11-14T13:25:32.502412,83.93641,85.28704,83.86816,85.10664,90000000
SPX,2025-11-14T13:25:32.502412,5278.35,5323.65,5273.26,5303.37,3000000000
EURUSD,2025-11-15T13:25:32.502412,1.07833,1.07877,1.07768,1.07781,25000000
GBPUSD,2025-11-15T13:25:32.502412,1.24335,1.24476,1.24306,1.24472,22000000
USDJPY,2025-11-15T13:25:32.502412,145.95272,146.35407,145.85432,146.27517,18000000
AUDUSD,2025-11-15T13:25:32.502412,0.6941,0.69502,0.69353,0.69499,16000000
USDCHF,2025-11-15T13:25:32.502412,0.83992,0.84012,0.8392,0.83972,14000000
GOLD,2025-11-15T13:25:32.502412,1836.85909,1836.98846,1835.66443,1836.24349,40000000
OIL,2025-11-15T13:25:32.502412,85.10664,85.76918,84.88249,85.15897,90000000
SPX,2025-11-15T13:25:32.502412,5303.37,5313.81,5293.47,5308.24,3000000000
EURUSD,2025-11-16T13:25:32.502412,1.07781,1.07781,1.07721,1.07732,25000000
GBPUSD,2025-11-16T13:25:32.502412,1.24472,1.24514,1.244,1.24403,22000000
USDJPY,2025-11-16T13:25:32.502412,146.27517,146.32078,145.96928,145.97423,18000000
AUDUSD,2025-11-16T13:25:32.502412,0.69499,0.69511,0.69297,0.69325,16000000
USDCHF,2025-11-16T13:25:32.502412,0.83972,0.8403,0.83927,0.83998,14000000
GOLD,2025-11-16T13:25:32.502412,1836.24349,1836.81422,1835.53858,1836.64608,40000000
OIL,2025-11-16T13:25:32.502412,85.15897,85.68551,85.04411,85.4148,90000000
SPX,2025-11-16T13:25:32.502412,5308.24,5316.31,5288.18,5288.34,3000000000
EURUSD,2025-11-17T13:25:32.502412,1.07732,1.07885,1.07715,1.07884,25000000
GBPUSD,2025-11-17T13:25:32.502412,1.24403,1.24457,1.24204,1.24251,22000000
USDJPY,2025-11-17T13:25:32.502412,145.97423,146.05818,145.87936,146.02765,18000000
AUDUSD,2025-11-17T13:25:32.502412,0.69325,0.69449,0.69319,0.69432,16000000
USDCHF,2025-11-17T13:25:32.502412,0.83998,0.84148,0.83992,0.84127,14000000
GOLD,2025-11-17T13:25:32.502412,1836.64608,1838.90549,1832.7718,1833.52691,40000000
OIL,2025-11-17T13:25:32.502412,85.4148,85.77019,85.11419,85.16145,90000000
SPX,2025-11-17T13:25:32.502412,5288.34,5291.95,5283.46,5290.26,3000000000
EURUSD,2025-11-18T13:25:32.502412,1.07884,1.07908,1.07858,1.07897,25000000
GBPUSD,2025-11-18T13:25:32.502412,1.24251,1.24395,1.24251,1.24392,22000000
USDJPY,2025-11-18T13:25:32.502412,146.02765,146.18329,145.97047,146.1693,18000000
AUDUSD,2025-11-18T13:25:32.502412,0.69432,0.69488,0.69419,0.69466,16000000
USDCHF,2025-11-18T13:25:32.502412,0.84127,0.8413,0.84035,0.84035,14000000
GOLD,2025-11-18T13:25:32.502412,1833.52691,1833.66187,1830.82256,1832.7985,40000000
OIL,2025-11-18T13:25:32.502412,85.16145,85.19487,84.44543,84.50298,90000000
SPX,2025-11-18T13:25:32.502412,5290.26,5299.75,5258.07,5264.57,3000000000
EURUSD,2025-11-19T13:25:32.502412,1.07897,1.07985,1.07882,1.07975,25000000
GBPUSD,2025-11-19T13:25:32.502412,1.24392,1.24606,1.24365,1.2457,22000000
USDJPY,2025-11-19T13:25:32.502412,146.1693,146.40965,146.08575,146.36941,18000000
AUDUSD,2025-11-19T13:25:32.502412,0.69466,0.69477,0.69427,0.69436,16000000
USDCHF,2025-11-19T13:25:32.502412,0.84035,0.84055,0.84006,0.84025,14000000
GOLD,2025-11-19T13:25:32.502412,1832.7985,1834.16806,1824.93302,1826.67864,40000000
OIL,2025-11-19T13:25:32.502412,84.50298,86.14764,84.11023,85.74203,90000000
SPX,2025-11-19T13:25:32.502412,5264.57,5272.86,5252.69,5254.3,3000000000
EURUSD,2025-11-20T13:25:32.502412,1.07975,1.07994,1.07919,1.0795,25000000
GBPUSD,2025-11-20T13:25:32.502412,1.2457,1.24726,1.24564,1.2471,22000000
USDJPY,2025-11-20T13:25:32.502412,146.36941,146.41777,145.97484,146.03273,18000000
AUDUSD,2025-11-20T13:25:32.502412,0.69436,0.69675,0.69415,0.6963,16000000
USDCHF,2025-11-20T13:25:32.502412,0.84025,0.84031,0.84003,0.84023,14000000
GOLD,2025-11-20T13:25:32.502412,1826.67864,1828.66038,1826.66346,1828.16285,40000000
OIL,2025-11-20T13:25:32.502412,85.74203,86.39988,85.58493,86.39757,90000000
SPX,2025-11-20T13:25:32.502412,5254.3,5254.96,5248.78,5251.56,3000000000
EURUSD,2025-11-21T13:25:32.502412,1.0795,1.07989,1.07916,1.07929,25000000
GBPUSD,2025-11-21T13:25:32.502412,1.2471,1.2473,1.2467,1.2468,22000000
USDJPY,2025-11-21T13:25:32.502412,146.03273,146.28953,146.02629,146.26735,18000000
AUDUSD,2025-11-21T13:25:32.502412,0.6963,0.69741,0.6959,0.69684,16000000
USDCHF,2025-11-21T13:25:32.502412,0.84023,0.84026,0.83886,0.83927,14000000
GOLD,2025-11-21T13:25:32.502412,1828.16285,1836.64236,1827.63697,1835.9724,40000000
OIL,2025-11-21T13:25:32.502412,86.39757,86.59293,83.9527,84.2363,90000000
SPX,2025-11-21T13:25:32.502412,5251.56,5252.82,5232.5,5236.04,3000000000
EURUSD,2025-11-22T13:25:32.502412,1.07929,1.07947,1.07745,1.07771,25000000
GBPUSD,2025-11-22T13:25:32.502412,1.2468,1.24766,1.24652,1.24704,22000000
USDJPY,2025-11-22T13:25:32.502412,146.26735,146.28451,145.69524,145.76129,18000000
AUDUSD,2025-11-22T13:25:32.502412,0.69684,0.69963,0.69666,0.69919,16000000
USDCHF,2025-11-22T13:25:32.502412,0.83927,0.8393,0.83826,0.8389,14000000
GOLD,2025-11-22T13:25:32.502412,1835.9724,1836.23883,1830.22093,1830.71201,40000000
OIL,2025-11-22T13:25:32.502412,84.2363,85.57452,84.1254,85.53925,90000000
SPX,2025-11-22T13:25:32.502412,5236.04,5238.06,5223.67,5226.25,3000000000
EURUSD,2025-11-23T13:25:32.502412,1.07771,1.0783,1.07762,1.07821,25000000
GBPUSD,2025-11-23T13:25:32.502412,1.24704,1.24738,1.24699,1.24701,22000000
USDJPY,2025-11-23T13:25:32.502412,145.76129,145.83701,145.35234,145.40669,18000000
AUDUSD,2025-11-23T13:25:32.502412,0.69919,0.6994,0.69791,0.69841,16000000
USDCHF,2025-11-23T13:25:32.502412,0.8389,0.83965,0.83694,0.83719,14000000
GOLD,2025-11-23T13:25:32.502412,1830.71201,1831.55098,1830.41217,1831.49334,40000000
OIL,2025-11-23T13:25:32.502412,85.53925,86.39687,85.33923,86.16459,90000000
SPX,2025-11-23T13:25:32.502412,5226.25,5229.97,5225.11,5228.49,3000000000
EURUSD,2025-11-24T13:25:32.502412,1.07821,1.07848,1.07791,1.07805,25000000
GBPUSD,2025-11-24T13:25:32.502412,1.24701,1.24721,1.24401,1.24407,22000000
USDJPY,2025-11-24T13:25:32.502412,145.40669,145.43,145.3355,145.40295,18000000
AUDUSD,2025-11-24T13:25:32.502412,0.69841,0.69982,0.69826,0.69954,16000000
USDCHF,2025-11-24T13:25:32.502412,0.83719,0.83752,0.83626,0.83641,14000000
GOLD,2025-11-24T13:25:32.502412,1831.49334,1835.5125,1830.9546,1834.51172,40000000
OIL,2025-11-24T13:25:32.502412,86.16459,87.22053,85.93366,87.03471,90000000
SPX,2025-11-24T13:25:32.502412,5228.49,5245.29,5222.83,5239.28,3000000000
EURUSD,2025-11-25T13:25:32.502412,1.07805,1.07917,1.07797,1.079,25000000
GBPUSD,2025-11-25T13:25:32.502412,1.24407,1.24515,1.2438,1.24514,22000000
USDJPY,2025-11-25T13:25:32.502412,145.40295,145.44764,145.32982,145.37033,18000000
AUDUSD,2025-11-25T13:25:32.502412,0.69954,0.69983,0.69926,0.69937,16000000
USDCHF,2025-11-25T13:25:32.502412,0.83641,0.83646,0.8349,0.8349,14000000
GOLD,2025-11-25T13:25:32.502412,1834.51172,1835.20393,1830.66746,1831.65191,40000000
OIL,2025-11-25T13:25:32.502412,87.03471,87.30929,84.82874,85.10564,90000000
SPX,2025-11-25T13:25:32.502412,5239.28,5245.5,5214.33,5215.79,3000000000
EURUSD,2025-11-26T13:25:32.502412,1.079,1.07948,1.07864,1.07879,25000000
GBPUSD,2025-11-26T13:25:32.502412,1.24514,1.24516,1.24382,1.2439,22000000
USDJPY,2025-11-26T13:25:32.502412,145.37033,145.72099,145.18916,145.64246,18000000
AUDUSD,2025-11-26T13:25:32.502412,0.69937,0.70024,0.69892,0.69959,16000000
USDCHF,2025-11-26T13:25:32.502412,0.8349,0.83518,0.8347,0.83507,14000000
GOLD,2025-11-26T13:25:32.502412,1831.65191,1832.15209,1827.71375,1828.2445,40000000
OIL,2025-11-26T13:25:32.502412,85.10564,87.37137,84.96437,86.37789,90000000
SPX,2025-11-26T13:25:32.502412,5215.79,5215.98,5189.79,5203.06,3000000000
EURUSD,2025-11-27T13:25:32.502412,1.07879,1.07889,1.07811,1.07824,25000000
GBPUSD,2025-11-27T13:25:32.502412,1.2439,1.2443,1.24356,1.24405,22000000
USDJPY,2025-11-27T13:25:32.502412,145.64246,145.64306,145.62279,145.64251,18000000
AUDUSD,2025-11-27T13:25:32.502412,0.69959,0.70007,0.69928,0.69978,16000000
USDCHF,2025-11-27T13:25:32.502412,0.83507,0.83514,0.83422,0.83454,14000000
GOLD,2025-11-27T13:25:32.502412,1828.2445,1828.74453,1824.45899,1825.3771,40000000
OIL,2025-11-27T13:25:32.502412,86.37789,86.76265,86.07156,86.69296,90000000
SPX,2025-11-27T13:25:32.502412,5203.06,5205.99,5198.85,5199.63,3000000000
EURUSD,2025-11-28T13:25:32.502412,1.07824,1.07859,1.07765,1.07845,25000000
GBPUSD,2025-11-28T13:25:32.502412,1.24405,1.24448,1.24364,1.24392,22000000
USDJPY,2025-11-28T13:25:32.502412,145.64251,145.90975,145.63719,145.83558,18000000
AUDUSD,2025-11-28T13:25:32.502412,0.69978,0.70024,0.69966,0.70001,16000000
USDCHF,2025-11-28T13:25:32.502412,0.83454,0.83532,0.83451,0.83503,14000000
GOLD,2025-11-28T13:25:32.502412,1825.3771,1825.37765,1823.17017,1823.80143,40000000
OIL,2025-11-28T13:25:32.502412,86.69296,87.51959,84.76214,84.96034,90000000
SPX,2025-11-28T13:25:32.502412,5199.63,5203.44,5168.0,5169.11,3000000000
EURUSD,2025-11-29T13:25:32.502412,1.07845,1.0788,1.07801,1.07809,25000000
GBPUSD,2025-11-29T13:25:32.502412,1.24392,1.24441,1.24358,1.24422,22000000
USDJPY,2025-11-29T13:25:32.502412,145.83558,146.04795,145.79536,146.04341,18000000
AUDUSD,2025-11-29T13:25:32.502412,0.70001,0.70057,0.69843,0.69873,16000000
USDCHF,2025-11-29T13:25:32.502412,0.83503,0.83555,0.83482,0.83533,14000000
GOLD,2025-11-29T13:25:32.502412,1823.80143,1828.98934,1822.07663,1827.74045,40000000
OIL,2025-11-29T13:25:32.502412,84.96034,85.19016,83.76129,83.87959,90000000
SPX,2025-11-29T13:25:32.502412,5169.11,5188.27,5167.89,5184.19,3000000000
EURUSD,2025-11-30T13:25:32.502412,1.07809,1.07836,1.07791,1.07812,25000000
GBPUSD,2025-11-30T13:25:32.502412,1.24422,1.24429,1.24341,1.24371,22000000
USDJPY,2025-11-30T13:25:32.502412,146.04341,146.05487,145.38618,145.53094,18000000
AUDUSD,2025-11-30T13:25:32.502412,0.69873,0.69967,0.69863,0.69967,16000000
USDCHF,2025-11-30T13:25:32.502412,0.83533,0.83548,0.83505,0.83535,14000000
GOLD,2025-11-30T13:25:32.502412,1827.74045,1832.39173,1826.98636,1831.64058,40000000
OIL,2025-11-30T13:25:32.502412,83.87959,84.41282,83.63736,84.40576,90000000
SPX,2025-11-30T13:25:32.502412,5184.19,5201.64,5179.89,5198.98,3000000000
EURUSD,2025-12-01T13:25:32.502412,1.07812,1.07857,1.07782,1.0782,25000000
GBPUSD,2025-12-01T13:25:32.502412,1.24371,1.24375,1.24222,1.24224,22000000
USDJPY,2025-12-01T13:25:32.502412,145.53094,145.58025,145.51755,145.56561,18000000
AUDUSD,2025-12-01T13:25:32.502412,0.69967,0.70203,0.69937,0.70146,16000000
USDCHF,2025-12-01T13:25:32.502412,0.83535,0.83575,0.83523,0.83527,14000000
GOLD,2025-12-01T13:25:32.502412,1831.64058,1837.47766,1831.39834,1837.45573,40000000
OIL,2025-12-01T13:25:32.502412,84.40576,84.62765,82.75849,82.89356,90000000
SPX,2025-12-01T13:25:32.502412,5198.98,5208.6,5186.86,5191.04,3000000000
